/ /fr/ 302
/contact /fr/contact.html 200
/services /fr/services.html 200
/pricing /fr/pricing.html 200
/blog /fr/blog.html 200
/about /fr/about.html 200
/reception /fr/reception.html 200
/emission /fr/emission.html 200
/support /fr/support.html 200
/crm-lists /fr/crm-lists.html 200
/conditions-generales /fr/conditions-generales.html 200
